Time [s],Channel 2
1.470471113,0
1.471132000,1
1.471144000,0
1.471466000,1
1.471480000,0
1.471538000,1
1.471552000,0
1.471610000,1
1.471622000,0
1.471688000,1
1.471700000,0
1.471772000,1
1.471784000,0
1.471862000,1
1.471874000,0
1.471958000,1
1.471970000,0
1.472058000,1
1.472072000,0
1.472136000,1
1.472150000,0
1.475325983,0
